id;date;details;status;payment_method;payment_date;payment_amount;code;order_id
1;2019-06-30T00:36:12;Mountain Malaysia supply-chains;ISSUED;CREDIT_CARD;2019-06-29T22:32:00;7550;navigate didactic Dynamic;6
2;2019-06-30T09:24:23;Industrial Pizza bus;ISSUED;CREDIT_CARD;2019-06-30T03:05:26;50550;Checking Account;4
3;2019-06-30T00:01:05;Salad payment;CANCELLED;CASH_ON_DELIVERY;2019-06-29T23:17:27;96264;Branding Concrete;5
4;2019-06-30T12:10:50;Senior;PAID;PAYPAL;2019-06-30T05:13:23;64292;circuit Forward;7
5;2019-06-30T11:00:45;solution-oriented facilitate;ISSUED;CREDIT_CARD;2019-06-30T08:44:56;86106;lavender;10
6;2019-06-30T00:53:22;Wooden COM Cambridgeshire;PAID;CASH_ON_DELIVERY;2019-06-30T04:00:45;40255;purple;7
7;2019-06-29T23:10:40;Liaison Tonga;CANCELLED;CREDIT_CARD;2019-06-30T05:22:47;49809;Awesome Cotton Tuna;5
8;2019-06-29T23:18:08;yellow Games Concrete;ISSUED;CREDIT_CARD;2019-06-29T21:16:13;83810;seize generate;5
9;2019-06-30T18:05:19;Chips microchip;ISSUED;CREDIT_CARD;2019-06-30T10:40:47;91551;card Home Loan Account Applications;4
10;2019-06-30T03:17:17;Research sensor black;ISSUED;CREDIT_CARD;2019-06-30T17:58:54;84640;Communications Pants;7
